INSERT INTO exam_sys.homework_or_exam_pool (hepID, type, question, answer, courseName, difficultyLevel, isActive) VALUES (62, '选择题', '{"type": "选择题", "score": [4.0], "shuffle": false, "questions": ["fasf", "fwaf", "fwaf", "fwf"], "main_content": "123456789"}', '["1"]', '数学', 7, true);
INSERT INTO exam_sys.homework_or_exam_pool (hepID, type, question, answer, courseName, difficultyLevel, isActive) VALUES (63, '选择题', '{"type": "选择题", "score": [4.0], "shuffle": false, "questions": ["fasf", "fwaf", "fwaf", "fwf"], "main_content": "123456789"}', '["1"]', '数学', 7, true);
INSERT INTO exam_sys.homework_or_exam_pool (hepID, type, question, answer, courseName, difficultyLevel, isActive) VALUES (64, '选择题', '{"type": "选择题", "score": [4.0], "shuffle": false, "questions": ["fasf", "fwaf", "fwaf", "fwf"], "main_content": "1257"}', '["1"]', '数学', 5, true);
INSERT INTO exam_sys.homework_or_exam_pool (hepID, type, question, answer, courseName, difficultyLevel, isActive) VALUES (65, '选择题', '{"type": "选择题", "score": [4.0], "shuffle": false, "questions": ["fasf", "fwaf", "fwaf", "fwf"], "main_content": "125765"}', '["1"]', '数学', 5, true);
INSERT INTO exam_sys.homework_or_exam_pool (hepID, type, question, answer, courseName, difficultyLevel, isActive) VALUES (66, '选择题', '{"type": "选择题", "score": [4.0], "shuffle": false, "questions": ["fasf", "fwaf", "fwaf", "fwf"], "main_content": "1257656"}', '["1"]', '数学', 5, true);
INSERT INTO exam_sys.homework_or_exam_pool (hepID, type, question, answer, courseName, difficultyLevel, isActive) VALUES (67, '选择题', '{"type": "选择题", "score": [4.0], "shuffle": false, "questions": ["fasf", "fwaf", "fwaf", "fwf"], "main_content": "125765656"}', '["1"]', '数学', 5, true);
INSERT INTO exam_sys.homework_or_exam_pool (hepID, type, question, answer, courseName, difficultyLevel, isActive) VALUES (68, '选择题', '{"type": "选择题", "score": [4.0], "shuffle": false, "questions": ["fasf", "fwaf", "fwaf", "fwf"], "main_content": "125765656"}', '["1"]', '数学', 5, true);
INSERT INTO exam_sys.homework_or_exam_pool (hepID, type, question, answer, courseName, difficultyLevel, isActive) VALUES (69, '选择题', '{"type": "选择题", "score": [4.0], "shuffle": false, "questions": ["fasf", "fwaf", "fwaf", "fwf"], "main_content": "125765656"}', '["1"]', '数学', 5, true);
INSERT INTO exam_sys.homework_or_exam_pool (hepID, type, question, answer, courseName, difficultyLevel, isActive) VALUES (70, '选择题', '{"type": "选择题", "score": [4.0], "shuffle": false, "questions": ["fasf", "fwaf", "fwaf", "fwf"], "main_content": "125765656"}', '["1"]', '数学', 5, true);
INSERT INTO exam_sys.homework_or_exam_pool (hepID, type, question, answer, courseName, difficultyLevel, isActive) VALUES (71, '选择题', '{"type": "选择题", "score": [4.0], "shuffle": false, "questions": ["fasf", "fwaf", "fwaf", "fwf"], "main_content": "125765656"}', '["1"]', '数学', 5, true);
INSERT INTO exam_sys.homework_or_exam_pool (hepID, type, question, answer, courseName, difficultyLevel, isActive) VALUES (72, '选择题', '{"type": "选择题", "score": [4.0], "shuffle": false, "questions": ["fasf", "fwaf", "fwaf", "fwf"], "main_content": "125765656"}', '["1"]', '数学', 7, true);
INSERT INTO exam_sys.homework_or_exam_pool (hepID, type, question, answer, courseName, difficultyLevel, isActive) VALUES (73, '选择题', '{"type": "选择题", "score": [4.0], "shuffle": false, "questions": ["fasf", "fwaf", "fwaf", "fwf"], "main_content": "125765656"}', '["1"]', '数学', 8, true);
INSERT INTO exam_sys.homework_or_exam_pool (hepID, type, question, answer, courseName, difficultyLevel, isActive) VALUES (74, '判断题', '{"type": "判断题", "score": [4.0], "shuffle": true, "questions": ["√", "X"], "main_content": "asdfg"}', '["1"]', '数学', 1, true);
INSERT INTO exam_sys.homework_or_exam_pool (hepID, type, question, answer, courseName, difficultyLevel, isActive) VALUES (75, '判断题', '{"type": "判断题", "score": [4.0], "shuffle": true, "questions": ["√", "X"], "main_content": "asdfg"}', '["1"]', '数学', 2, true);
INSERT INTO exam_sys.homework_or_exam_pool (hepID, type, question, answer, courseName, difficultyLevel, isActive) VALUES (76, '判断题', '{"type": "判断题", "score": [4.0], "shuffle": true, "questions": ["√", "X"], "main_content": "asdfg"}', '["1"]', '数学', 3, true);
INSERT INTO exam_sys.homework_or_exam_pool (hepID, type, question, answer, courseName, difficultyLevel, isActive) VALUES (77, '判断题', '{"type": "判断题", "score": [4.0], "shuffle": true, "questions": ["√", "X"], "main_content": "asdfg"}', '["1"]', '数学', 4, true);
INSERT INTO exam_sys.homework_or_exam_pool (hepID, type, question, answer, courseName, difficultyLevel, isActive) VALUES (78, '判断题', '{"type": "判断题", "score": [4.0], "shuffle": true, "questions": ["√", "X"], "main_content": "asdfg"}', '["1"]', '数学', 5, true);
INSERT INTO exam_sys.homework_or_exam_pool (hepID, type, question, answer, courseName, difficultyLevel, isActive) VALUES (79, '判断题', '{"type": "判断题", "score": [4.0], "shuffle": true, "questions": ["√", "X"], "main_content": "asdfg"}', '["1"]', '数学', 6, true);
INSERT INTO exam_sys.homework_or_exam_pool (hepID, type, question, answer, courseName, difficultyLevel, isActive) VALUES (80, '判断题', '{"type": "判断题", "score": [4.0], "shuffle": true, "questions": ["√", "X"], "main_content": "asdfg"}', '["1"]', '数学', 7, true);
INSERT INTO exam_sys.homework_or_exam_pool (hepID, type, question, answer, courseName, difficultyLevel, isActive) VALUES (81, '判断题', '{"type": "判断题", "score": [4.0], "shuffle": true, "questions": ["√", "X"], "main_content": "asdfg"}', '["1"]', '数学', 8, true);
INSERT INTO exam_sys.homework_or_exam_pool (hepID, type, question, answer, courseName, difficultyLevel, isActive) VALUES (82, '判断题', '{"type": "判断题", "score": [4.0], "shuffle": true, "questions": ["√", "X"], "main_content": "asdfg"}', '["1"]', '数学', 9, true);
INSERT INTO exam_sys.homework_or_exam_pool (hepID, type, question, answer, courseName, difficultyLevel, isActive) VALUES (83, '判断题', '{"type": "判断题", "score": [4.0], "shuffle": true, "questions": ["√", "X"], "main_content": "asdfg"}', '["1"]', '数学', 10, true);
INSERT INTO exam_sys.homework_or_exam_pool (hepID, type, question, answer, courseName, difficultyLevel, isActive) VALUES (84, '判断题', '{"type": "判断题", "score": [4.0], "shuffle": true, "questions": ["√", "X"], "main_content": "asdfg"}', '["1"]', '数学', 9, true);
INSERT INTO exam_sys.homework_or_exam_pool (hepID, type, question, answer, courseName, difficultyLevel, isActive) VALUES (85, '判断题', '{"type": "判断题", "score": [4.0], "shuffle": true, "questions": ["√", "X"], "main_content": "asdfg"}', '["1"]', '数学', 9, true);
INSERT INTO exam_sys.homework_or_exam_pool (hepID, type, question, answer, courseName, difficultyLevel, isActive) VALUES (86, '判断题', '{"type": "判断题", "score": [4.0], "shuffle": true, "questions": ["√", "X"], "main_content": "asdfg"}', '["1"]', '数学', 9, true);
INSERT INTO exam_sys.homework_or_exam_pool (hepID, type, question, answer, courseName, difficultyLevel, isActive) VALUES (87, '判断题', '{"type": "判断题", "score": [4.0], "shuffle": true, "questions": ["√", "X"], "main_content": "asdfg"}', '["1"]', '数学', 9, true);
INSERT INTO exam_sys.homework_or_exam_pool (hepID, type, question, answer, courseName, difficultyLevel, isActive) VALUES (88, '判断题', '{"type": "判断题", "score": [4.0], "shuffle": true, "questions": ["√", "X"], "main_content": "asdfg"}', '["1"]', '数学', 8, true);
INSERT INTO exam_sys.homework_or_exam_pool (hepID, type, question, answer, courseName, difficultyLevel, isActive) VALUES (89, '判断题', '{"type": "判断题", "score": [4.0], "shuffle": true, "questions": ["√", "X"], "main_content": "asdfg"}', '["1"]', '数学', 8, true);
INSERT INTO exam_sys.homework_or_exam_pool (hepID, type, question, answer, courseName, difficultyLevel, isActive) VALUES (90, '判断题', '{"type": "判断题", "score": [4.0], "shuffle": true, "questions": ["√", "X"], "main_content": "asdfg"}', '["1"]', '数学', 8, true);
INSERT INTO exam_sys.homework_or_exam_pool (hepID, type, question, answer, courseName, difficultyLevel, isActive) VALUES (91, '判断题', '{"type": "判断题", "score": [4.0], "shuffle": true, "questions": ["√", "X"], "main_content": "asdfg"}', '["1"]', '数学', 8, true);
INSERT INTO exam_sys.homework_or_exam_pool (hepID, type, question, answer, courseName, difficultyLevel, isActive) VALUES (92, '判断题', '{"type": "判断题", "score": [4.0], "shuffle": true, "questions": ["√", "X"], "main_content": "asdfg"}', '["1"]', '数学', 8, true);
INSERT INTO exam_sys.homework_or_exam_pool (hepID, type, question, answer, courseName, difficultyLevel, isActive) VALUES (93, '判断题', '{"type": "判断题", "score": [4.0], "shuffle": true, "questions": ["√", "X"], "main_content": "asdfg"}', '["1"]', '数学', 7, true);
INSERT INTO exam_sys.homework_or_exam_pool (hepID, type, question, answer, courseName, difficultyLevel, isActive) VALUES (94, '判断题', '{"type": "判断题", "score": [4.0], "shuffle": true, "questions": ["√", "X"], "main_content": "asdfg"}', '["1"]', '数学', 7, true);
INSERT INTO exam_sys.homework_or_exam_pool (hepID, type, question, answer, courseName, difficultyLevel, isActive) VALUES (95, '判断题', '{"type": "判断题", "score": [4.0], "shuffle": true, "questions": ["√", "X"], "main_content": "asdfg"}', '["1"]', '数学', 6, true);
INSERT INTO exam_sys.homework_or_exam_pool (hepID, type, question, answer, courseName, difficultyLevel, isActive) VALUES (96, '判断题', '{"type": "判断题", "score": [4.0], "shuffle": true, "questions": ["√", "X"], "main_content": "asdfg"}', '["1"]', '数学', 5, true);
INSERT INTO exam_sys.homework_or_exam_pool (hepID, type, question, answer, courseName, difficultyLevel, isActive) VALUES (97, '判断题', '{"type": "判断题", "score": [4.0], "shuffle": true, "questions": ["√", "X"], "main_content": "asdfg"}', '["1"]', '数学', 5, true);
INSERT INTO exam_sys.homework_or_exam_pool (hepID, type, question, answer, courseName, difficultyLevel, isActive) VALUES (98, '判断题', '{"type": "判断题", "score": [4.0], "shuffle": true, "questions": ["√", "X"], "main_content": "asdfg"}', '["1"]', '数学', 5, true);
INSERT INTO exam_sys.homework_or_exam_pool (hepID, type, question, answer, courseName, difficultyLevel, isActive) VALUES (99, '判断题', '{"type": "判断题", "score": [4.0], "shuffle": true, "questions": ["√", "X"], "main_content": "asdfg"}', '["1"]', '数学', 5, true);
INSERT INTO exam_sys.homework_or_exam_pool (hepID, type, question, answer, courseName, difficultyLevel, isActive) VALUES (100, '判断题', '{"type": "判断题", "score": [4.0], "shuffle": true, "questions": ["√", "X"], "main_content": "asdfg"}', '["1"]', '数学', 5, true);
INSERT INTO exam_sys.homework_or_exam_pool (hepID, type, question, answer, courseName, difficultyLevel, isActive) VALUES (101, '判断题', '{"type": "判断题", "score": [4.0], "shuffle": true, "questions": ["√", "X"], "main_content": "asdfg"}', '["1"]', '数学', 5, true);
INSERT INTO exam_sys.homework_or_exam_pool (hepID, type, question, answer, courseName, difficultyLevel, isActive) VALUES (102, '判断题', '{"type": "判断题", "score": [4.0], "shuffle": true, "questions": ["√", "X"], "main_content": "asdfg"}', '["1"]', '数学', 4, true);
INSERT INTO exam_sys.homework_or_exam_pool (hepID, type, question, answer, courseName, difficultyLevel, isActive) VALUES (103, '判断题', '{"type": "判断题", "score": [4.0], "shuffle": true, "questions": ["√", "X"], "main_content": "asdfg"}', '["1"]', '数学', 4, true);
INSERT INTO exam_sys.homework_or_exam_pool (hepID, type, question, answer, courseName, difficultyLevel, isActive) VALUES (104, '判断题', '{"type": "判断题", "score": [4.0], "shuffle": true, "questions": ["√", "X"], "main_content": "asdfg"}', '["1"]', '数学', 4, true);
INSERT INTO exam_sys.homework_or_exam_pool (hepID, type, question, answer, courseName, difficultyLevel, isActive) VALUES (105, '主观题', '{"type": "主观题", "score": [5.0, 7.0], "shuffle": false, "questions": ["小题age", "小题tjngtj"], "main_content": "题干"}', '["答案1", "答案2"]', '数学', 5, true);
INSERT INTO exam_sys.homework_or_exam_pool (hepID, type, question, answer, courseName, difficultyLevel, isActive) VALUES (106, '考试', '{"type": "考试", "score": [16.0], "shuffle": false, "questions": {"判断题": [0.0, 74, 103, 77, 83]}, "main_content": "数学试卷"}', '[["1"], ["1"], ["1"], ["1"]]', '数学', 4, true);
INSERT INTO exam_sys.homework_or_exam_pool (hepID, type, question, answer, courseName, difficultyLevel, isActive) VALUES (107, '考试', '{"type": "考试", "score": [4.0], "shuffle": false, "questions": {"判断题": [0.0, 95]}, "main_content": "数学试卷"}', '[["1"]]', '数学', 6, true);
INSERT INTO exam_sys.homework_or_exam_pool (hepID, type, question, answer, courseName, difficultyLevel, isActive) VALUES (108, '考试', '{"type": "考试", "score": [4.0], "shuffle": false, "questions": {"判断题": [0.0, 80]}, "main_content": "数学试卷"}', '[["1"]]', '数学', 7, true);
INSERT INTO exam_sys.homework_or_exam_pool (hepID, type, question, answer, courseName, difficultyLevel, isActive) VALUES (109, '选择题', '{"type": "选择题", "score": [4.0], "shuffle": false, "questions": ["fasf", "fwaf", "fwaf", "fwf"], "main_content": "123456789"}', '["1"]', '数学', 7, true);
INSERT INTO exam_sys.homework_or_exam_pool (hepID, type, question, answer, courseName, difficultyLevel, isActive) VALUES (110, '选择题', '{"type": "选择题", "score": [4.0], "shuffle": false, "questions": ["fasf", "fwaf", "fwaf", "fwf"], "main_content": "123456789"}', '["1"]', '数学', 7, true);
INSERT INTO exam_sys.homework_or_exam_pool (hepID, type, question, answer, courseName, difficultyLevel, isActive) VALUES (111, '选择题', '{"type": "选择题", "score": [4.0], "shuffle": false, "questions": ["fasf", "fwaf", "fwaf", "fwf"], "main_content": "1257"}', '["1"]', '数学', 5, true);
INSERT INTO exam_sys.homework_or_exam_pool (hepID, type, question, answer, courseName, difficultyLevel, isActive) VALUES (112, '选择题', '{"type": "选择题", "score": [4.0], "shuffle": false, "questions": ["fasf", "fwaf", "fwaf", "fwf"], "main_content": "125765"}', '["1"]', '数学', 5, true);
INSERT INTO exam_sys.homework_or_exam_pool (hepID, type, question, answer, courseName, difficultyLevel, isActive) VALUES (113, '选择题', '{"type": "选择题", "score": [4.0], "shuffle": false, "questions": ["fasf", "fwaf", "fwaf", "fwf"], "main_content": "1257656"}', '["1"]', '数学', 5, true);
INSERT INTO exam_sys.homework_or_exam_pool (hepID, type, question, answer, courseName, difficultyLevel, isActive) VALUES (114, '选择题', '{"type": "选择题", "score": [4.0], "shuffle": false, "questions": ["fasf", "fwaf", "fwaf", "fwf"], "main_content": "125765656"}', '["1"]', '数学', 5, true);
INSERT INTO exam_sys.homework_or_exam_pool (hepID, type, question, answer, courseName, difficultyLevel, isActive) VALUES (115, '选择题', '{"type": "选择题", "score": [4.0], "shuffle": false, "questions": ["fasf", "fwaf", "fwaf", "fwf"], "main_content": "125765656"}', '["1"]', '数学', 5, true);
INSERT INTO exam_sys.homework_or_exam_pool (hepID, type, question, answer, courseName, difficultyLevel, isActive) VALUES (116, '选择题', '{"type": "选择题", "score": [4.0], "shuffle": false, "questions": ["fasf", "fwaf", "fwaf", "fwf"], "main_content": "125765656"}', '["1"]', '数学', 5, true);
INSERT INTO exam_sys.homework_or_exam_pool (hepID, type, question, answer, courseName, difficultyLevel, isActive) VALUES (117, '选择题', '{"type": "选择题", "score": [4.0], "shuffle": false, "questions": ["fasf", "fwaf", "fwaf", "fwf"], "main_content": "125765656"}', '["1"]', '数学', 5, true);
INSERT INTO exam_sys.homework_or_exam_pool (hepID, type, question, answer, courseName, difficultyLevel, isActive) VALUES (118, '选择题', '{"type": "选择题", "score": [4.0], "shuffle": false, "questions": ["fasf", "fwaf", "fwaf", "fwf"], "main_content": "125765656"}', '["1"]', '数学', 5, true);
INSERT INTO exam_sys.homework_or_exam_pool (hepID, type, question, answer, courseName, difficultyLevel, isActive) VALUES (119, '选择题', '{"type": "选择题", "score": [4.0], "shuffle": false, "questions": ["fasf", "fwaf", "fwaf", "fwf"], "main_content": "125765656"}', '["1"]', '数学', 7, true);
INSERT INTO exam_sys.homework_or_exam_pool (hepID, type, question, answer, courseName, difficultyLevel, isActive) VALUES (120, '选择题', '{"type": "选择题", "score": [4.0], "shuffle": false, "questions": ["fasf", "fwaf", "fwaf", "fwf"], "main_content": "125765656"}', '["1"]', '数学', 8, true);
INSERT INTO exam_sys.homework_or_exam_pool (hepID, type, question, answer, courseName, difficultyLevel, isActive) VALUES (121, '判断题', '{"type": "判断题", "score": [4.0], "shuffle": true, "questions": ["√", "X"], "main_content": "asdfg"}', '["1"]', '数学', 1, true);
INSERT INTO exam_sys.homework_or_exam_pool (hepID, type, question, answer, courseName, difficultyLevel, isActive) VALUES (122, '判断题', '{"type": "判断题", "score": [4.0], "shuffle": true, "questions": ["√", "X"], "main_content": "asdfg"}', '["1"]', '数学', 2, true);
INSERT INTO exam_sys.homework_or_exam_pool (hepID, type, question, answer, courseName, difficultyLevel, isActive) VALUES (123, '判断题', '{"type": "判断题", "score": [4.0], "shuffle": true, "questions": ["√", "X"], "main_content": "asdfg"}', '["1"]', '数学', 3, true);
INSERT INTO exam_sys.homework_or_exam_pool (hepID, type, question, answer, courseName, difficultyLevel, isActive) VALUES (124, '判断题', '{"type": "判断题", "score": [4.0], "shuffle": true, "questions": ["√", "X"], "main_content": "asdfg"}', '["1"]', '数学', 4, true);
INSERT INTO exam_sys.homework_or_exam_pool (hepID, type, question, answer, courseName, difficultyLevel, isActive) VALUES (125, '判断题', '{"type": "判断题", "score": [4.0], "shuffle": true, "questions": ["√", "X"], "main_content": "asdfg"}', '["1"]', '数学', 5, true);
INSERT INTO exam_sys.homework_or_exam_pool (hepID, type, question, answer, courseName, difficultyLevel, isActive) VALUES (126, '判断题', '{"type": "判断题", "score": [4.0], "shuffle": true, "questions": ["√", "X"], "main_content": "asdfg"}', '["1"]', '数学', 6, true);
INSERT INTO exam_sys.homework_or_exam_pool (hepID, type, question, answer, courseName, difficultyLevel, isActive) VALUES (127, '判断题', '{"type": "判断题", "score": [4.0], "shuffle": true, "questions": ["√", "X"], "main_content": "asdfg"}', '["1"]', '数学', 7, true);
INSERT INTO exam_sys.homework_or_exam_pool (hepID, type, question, answer, courseName, difficultyLevel, isActive) VALUES (128, '判断题', '{"type": "判断题", "score": [4.0], "shuffle": true, "questions": ["√", "X"], "main_content": "asdfg"}', '["1"]', '数学', 8, true);
INSERT INTO exam_sys.homework_or_exam_pool (hepID, type, question, answer, courseName, difficultyLevel, isActive) VALUES (129, '判断题', '{"type": "判断题", "score": [4.0], "shuffle": true, "questions": ["√", "X"], "main_content": "asdfg"}', '["1"]', '数学', 9, true);
INSERT INTO exam_sys.homework_or_exam_pool (hepID, type, question, answer, courseName, difficultyLevel, isActive) VALUES (130, '判断题', '{"type": "判断题", "score": [4.0], "shuffle": true, "questions": ["√", "X"], "main_content": "asdfg"}', '["1"]', '数学', 10, true);
INSERT INTO exam_sys.homework_or_exam_pool (hepID, type, question, answer, courseName, difficultyLevel, isActive) VALUES (131, '判断题', '{"type": "判断题", "score": [4.0], "shuffle": true, "questions": ["√", "X"], "main_content": "asdfg"}', '["1"]', '数学', 9, true);
INSERT INTO exam_sys.homework_or_exam_pool (hepID, type, question, answer, courseName, difficultyLevel, isActive) VALUES (132, '判断题', '{"type": "判断题", "score": [4.0], "shuffle": true, "questions": ["√", "X"], "main_content": "asdfg"}', '["1"]', '数学', 9, true);
INSERT INTO exam_sys.homework_or_exam_pool (hepID, type, question, answer, courseName, difficultyLevel, isActive) VALUES (133, '判断题', '{"type": "判断题", "score": [4.0], "shuffle": true, "questions": ["√", "X"], "main_content": "asdfg"}', '["1"]', '数学', 9, true);
INSERT INTO exam_sys.homework_or_exam_pool (hepID, type, question, answer, courseName, difficultyLevel, isActive) VALUES (134, '判断题', '{"type": "判断题", "score": [4.0], "shuffle": true, "questions": ["√", "X"], "main_content": "asdfg"}', '["1"]', '数学', 9, true);
INSERT INTO exam_sys.homework_or_exam_pool (hepID, type, question, answer, courseName, difficultyLevel, isActive) VALUES (135, '判断题', '{"type": "判断题", "score": [4.0], "shuffle": true, "questions": ["√", "X"], "main_content": "asdfg"}', '["1"]', '数学', 8, true);
INSERT INTO exam_sys.homework_or_exam_pool (hepID, type, question, answer, courseName, difficultyLevel, isActive) VALUES (136, '判断题', '{"type": "判断题", "score": [4.0], "shuffle": true, "questions": ["√", "X"], "main_content": "asdfg"}', '["1"]', '数学', 8, true);
INSERT INTO exam_sys.homework_or_exam_pool (hepID, type, question, answer, courseName, difficultyLevel, isActive) VALUES (137, '判断题', '{"type": "判断题", "score": [4.0], "shuffle": true, "questions": ["√", "X"], "main_content": "asdfg"}', '["1"]', '数学', 8, true);
INSERT INTO exam_sys.homework_or_exam_pool (hepID, type, question, answer, courseName, difficultyLevel, isActive) VALUES (138, '判断题', '{"type": "判断题", "score": [4.0], "shuffle": true, "questions": ["√", "X"], "main_content": "asdfg"}', '["1"]', '数学', 8, true);
INSERT INTO exam_sys.homework_or_exam_pool (hepID, type, question, answer, courseName, difficultyLevel, isActive) VALUES (139, '判断题', '{"type": "判断题", "score": [4.0], "shuffle": true, "questions": ["√", "X"], "main_content": "asdfg"}', '["1"]', '数学', 8, true);
INSERT INTO exam_sys.homework_or_exam_pool (hepID, type, question, answer, courseName, difficultyLevel, isActive) VALUES (140, '判断题', '{"type": "判断题", "score": [4.0], "shuffle": true, "questions": ["√", "X"], "main_content": "asdfg"}', '["1"]', '数学', 7, true);
INSERT INTO exam_sys.homework_or_exam_pool (hepID, type, question, answer, courseName, difficultyLevel, isActive) VALUES (141, '判断题', '{"type": "判断题", "score": [4.0], "shuffle": true, "questions": ["√", "X"], "main_content": "asdfg"}', '["1"]', '数学', 7, true);
INSERT INTO exam_sys.homework_or_exam_pool (hepID, type, question, answer, courseName, difficultyLevel, isActive) VALUES (142, '判断题', '{"type": "判断题", "score": [4.0], "shuffle": true, "questions": ["√", "X"], "main_content": "asdfg"}', '["1"]', '数学', 6, true);
INSERT INTO exam_sys.homework_or_exam_pool (hepID, type, question, answer, courseName, difficultyLevel, isActive) VALUES (143, '判断题', '{"type": "判断题", "score": [4.0], "shuffle": true, "questions": ["√", "X"], "main_content": "asdfg"}', '["1"]', '数学', 5, true);
INSERT INTO exam_sys.homework_or_exam_pool (hepID, type, question, answer, courseName, difficultyLevel, isActive) VALUES (144, '判断题', '{"type": "判断题", "score": [4.0], "shuffle": true, "questions": ["√", "X"], "main_content": "asdfg"}', '["1"]', '数学', 5, true);
INSERT INTO exam_sys.homework_or_exam_pool (hepID, type, question, answer, courseName, difficultyLevel, isActive) VALUES (145, '判断题', '{"type": "判断题", "score": [4.0], "shuffle": true, "questions": ["√", "X"], "main_content": "asdfg"}', '["1"]', '数学', 5, true);
INSERT INTO exam_sys.homework_or_exam_pool (hepID, type, question, answer, courseName, difficultyLevel, isActive) VALUES (146, '判断题', '{"type": "判断题", "score": [4.0], "shuffle": true, "questions": ["√", "X"], "main_content": "asdfg"}', '["1"]', '数学', 5, true);
INSERT INTO exam_sys.homework_or_exam_pool (hepID, type, question, answer, courseName, difficultyLevel, isActive) VALUES (147, '判断题', '{"type": "判断题", "score": [4.0], "shuffle": true, "questions": ["√", "X"], "main_content": "asdfg"}', '["1"]', '数学', 5, true);
INSERT INTO exam_sys.homework_or_exam_pool (hepID, type, question, answer, courseName, difficultyLevel, isActive) VALUES (148, '判断题', '{"type": "判断题", "score": [4.0], "shuffle": true, "questions": ["√", "X"], "main_content": "asdfg"}', '["1"]', '数学', 5, true);
INSERT INTO exam_sys.homework_or_exam_pool (hepID, type, question, answer, courseName, difficultyLevel, isActive) VALUES (149, '判断题', '{"type": "判断题", "score": [4.0], "shuffle": true, "questions": ["√", "X"], "main_content": "asdfg"}', '["1"]', '数学', 4, true);
INSERT INTO exam_sys.homework_or_exam_pool (hepID, type, question, answer, courseName, difficultyLevel, isActive) VALUES (150, '判断题', '{"type": "判断题", "score": [4.0], "shuffle": true, "questions": ["√", "X"], "main_content": "asdfg"}', '["1"]', '数学', 4, true);
INSERT INTO exam_sys.homework_or_exam_pool (hepID, type, question, answer, courseName, difficultyLevel, isActive) VALUES (151, '判断题', '{"type": "判断题", "score": [4.0], "shuffle": true, "questions": ["√", "X"], "main_content": "asdfg"}', '["1"]', '数学', 4, true);
INSERT INTO exam_sys.homework_or_exam_pool (hepID, type, question, answer, courseName, difficultyLevel, isActive) VALUES (152, '主观题', '{"type": "主观题", "score": [5.0, 7.0], "shuffle": false, "questions": ["小题age", "小题tjngtj"], "main_content": "题干"}', '["答案1", "答案2"]', '数学', 5, true);
INSERT INTO exam_sys.homework_or_exam_pool (hepID, type, question, answer, courseName, difficultyLevel, isActive) VALUES (153, '考试', '{"type": "考试", "score": [16.0], "shuffle": false, "questions": {"判断题": [0.0, 74, 103, 77, 83]}, "main_content": "数学试卷"}', '[["1"], ["1"], ["1"], ["1"]]', '数学', 4, true);
INSERT INTO exam_sys.homework_or_exam_pool (hepID, type, question, answer, courseName, difficultyLevel, isActive) VALUES (154, '考试', '{"type": "考试", "score": [4.0], "shuffle": false, "questions": {"判断题": [0.0, 95]}, "main_content": "数学试卷"}', '[["1"]]', '数学', 6, true);
INSERT INTO exam_sys.homework_or_exam_pool (hepID, type, question, answer, courseName, difficultyLevel, isActive) VALUES (155, '考试', '{"type": "考试", "score": [4.0], "shuffle": false, "questions": {"判断题": [0.0, 80]}, "main_content": "数学试卷"}', '[["1"]]', '数学', 7, true);


INSERT INTO exam_sys.hep_and_kp_mediater (mediaterID, hepID, kpName) VALUES (88, 62, '四则运算');
INSERT INTO exam_sys.hep_and_kp_mediater (mediaterID, hepID, kpName) VALUES (89, 62, '线性代数');
INSERT INTO exam_sys.hep_and_kp_mediater (mediaterID, hepID, kpName) VALUES (90, 62, '微积分');
INSERT INTO exam_sys.hep_and_kp_mediater (mediaterID, hepID, kpName) VALUES (91, 63, '四则运算');
INSERT INTO exam_sys.hep_and_kp_mediater (mediaterID, hepID, kpName) VALUES (92, 63, '三角函数');
INSERT INTO exam_sys.hep_and_kp_mediater (mediaterID, hepID, kpName) VALUES (93, 63, '线性代数');
INSERT INTO exam_sys.hep_and_kp_mediater (mediaterID, hepID, kpName) VALUES (94, 63, '微积分');
INSERT INTO exam_sys.hep_and_kp_mediater (mediaterID, hepID, kpName) VALUES (95, 64, '四则运算');
INSERT INTO exam_sys.hep_and_kp_mediater (mediaterID, hepID, kpName) VALUES (96, 64, '三角函数');
INSERT INTO exam_sys.hep_and_kp_mediater (mediaterID, hepID, kpName) VALUES (97, 64, '线性代数');
INSERT INTO exam_sys.hep_and_kp_mediater (mediaterID, hepID, kpName) VALUES (98, 64, '微积分');
INSERT INTO exam_sys.hep_and_kp_mediater (mediaterID, hepID, kpName) VALUES (99, 65, '三角函数');
INSERT INTO exam_sys.hep_and_kp_mediater (mediaterID, hepID, kpName) VALUES (100, 65, '微积分');
INSERT INTO exam_sys.hep_and_kp_mediater (mediaterID, hepID, kpName) VALUES (101, 66, '三角函数');
INSERT INTO exam_sys.hep_and_kp_mediater (mediaterID, hepID, kpName) VALUES (102, 66, '微积分');
INSERT INTO exam_sys.hep_and_kp_mediater (mediaterID, hepID, kpName) VALUES (103, 67, '四则运算');
INSERT INTO exam_sys.hep_and_kp_mediater (mediaterID, hepID, kpName) VALUES (104, 67, '三角函数');
INSERT INTO exam_sys.hep_and_kp_mediater (mediaterID, hepID, kpName) VALUES (105, 67, '微积分');
INSERT INTO exam_sys.hep_and_kp_mediater (mediaterID, hepID, kpName) VALUES (106, 68, '四则运算');
INSERT INTO exam_sys.hep_and_kp_mediater (mediaterID, hepID, kpName) VALUES (107, 69, '三角函数');
INSERT INTO exam_sys.hep_and_kp_mediater (mediaterID, hepID, kpName) VALUES (108, 69, '微积分');
INSERT INTO exam_sys.hep_and_kp_mediater (mediaterID, hepID, kpName) VALUES (109, 70, '微积分');
INSERT INTO exam_sys.hep_and_kp_mediater (mediaterID, hepID, kpName) VALUES (110, 71, '线性代数');
INSERT INTO exam_sys.hep_and_kp_mediater (mediaterID, hepID, kpName) VALUES (111, 71, '微积分');
INSERT INTO exam_sys.hep_and_kp_mediater (mediaterID, hepID, kpName) VALUES (112, 72, '线性代数');
INSERT INTO exam_sys.hep_and_kp_mediater (mediaterID, hepID, kpName) VALUES (113, 72, '微积分');
INSERT INTO exam_sys.hep_and_kp_mediater (mediaterID, hepID, kpName) VALUES (114, 73, '线性代数');
INSERT INTO exam_sys.hep_and_kp_mediater (mediaterID, hepID, kpName) VALUES (115, 73, '微积分');
INSERT INTO exam_sys.hep_and_kp_mediater (mediaterID, hepID, kpName) VALUES (116, 74, '四则运算');
INSERT INTO exam_sys.hep_and_kp_mediater (mediaterID, hepID, kpName) VALUES (117, 74, '三角函数');
INSERT INTO exam_sys.hep_and_kp_mediater (mediaterID, hepID, kpName) VALUES (118, 74, '线性代数');
INSERT INTO exam_sys.hep_and_kp_mediater (mediaterID, hepID, kpName) VALUES (119, 74, '微积分');
INSERT INTO exam_sys.hep_and_kp_mediater (mediaterID, hepID, kpName) VALUES (120, 75, '四则运算');
INSERT INTO exam_sys.hep_and_kp_mediater (mediaterID, hepID, kpName) VALUES (121, 75, '三角函数');
INSERT INTO exam_sys.hep_and_kp_mediater (mediaterID, hepID, kpName) VALUES (122, 75, '线性代数');
INSERT INTO exam_sys.hep_and_kp_mediater (mediaterID, hepID, kpName) VALUES (123, 75, '微积分');
INSERT INTO exam_sys.hep_and_kp_mediater (mediaterID, hepID, kpName) VALUES (124, 76, '四则运算');
INSERT INTO exam_sys.hep_and_kp_mediater (mediaterID, hepID, kpName) VALUES (125, 76, '三角函数');
INSERT INTO exam_sys.hep_and_kp_mediater (mediaterID, hepID, kpName) VALUES (126, 76, '线性代数');
INSERT INTO exam_sys.hep_and_kp_mediater (mediaterID, hepID, kpName) VALUES (127, 76, '微积分');
INSERT INTO exam_sys.hep_and_kp_mediater (mediaterID, hepID, kpName) VALUES (128, 77, '四则运算');
INSERT INTO exam_sys.hep_and_kp_mediater (mediaterID, hepID, kpName) VALUES (129, 77, '三角函数');
INSERT INTO exam_sys.hep_and_kp_mediater (mediaterID, hepID, kpName) VALUES (130, 77, '线性代数');
INSERT INTO exam_sys.hep_and_kp_mediater (mediaterID, hepID, kpName) VALUES (131, 77, '微积分');
INSERT INTO exam_sys.hep_and_kp_mediater (mediaterID, hepID, kpName) VALUES (132, 78, '四则运算');
INSERT INTO exam_sys.hep_and_kp_mediater (mediaterID, hepID, kpName) VALUES (133, 78, '三角函数');
INSERT INTO exam_sys.hep_and_kp_mediater (mediaterID, hepID, kpName) VALUES (134, 78, '线性代数');
INSERT INTO exam_sys.hep_and_kp_mediater (mediaterID, hepID, kpName) VALUES (135, 78, '微积分');
INSERT INTO exam_sys.hep_and_kp_mediater (mediaterID, hepID, kpName) VALUES (136, 79, '四则运算');
INSERT INTO exam_sys.hep_and_kp_mediater (mediaterID, hepID, kpName) VALUES (137, 79, '三角函数');
INSERT INTO exam_sys.hep_and_kp_mediater (mediaterID, hepID, kpName) VALUES (138, 79, '线性代数');
INSERT INTO exam_sys.hep_and_kp_mediater (mediaterID, hepID, kpName) VALUES (139, 79, '微积分');
INSERT INTO exam_sys.hep_and_kp_mediater (mediaterID, hepID, kpName) VALUES (140, 80, '四则运算');
INSERT INTO exam_sys.hep_and_kp_mediater (mediaterID, hepID, kpName) VALUES (141, 80, '三角函数');
INSERT INTO exam_sys.hep_and_kp_mediater (mediaterID, hepID, kpName) VALUES (142, 80, '线性代数');
INSERT INTO exam_sys.hep_and_kp_mediater (mediaterID, hepID, kpName) VALUES (143, 80, '微积分');
INSERT INTO exam_sys.hep_and_kp_mediater (mediaterID, hepID, kpName) VALUES (144, 81, '四则运算');
INSERT INTO exam_sys.hep_and_kp_mediater (mediaterID, hepID, kpName) VALUES (145, 81, '三角函数');
INSERT INTO exam_sys.hep_and_kp_mediater (mediaterID, hepID, kpName) VALUES (146, 81, '线性代数');
INSERT INTO exam_sys.hep_and_kp_mediater (mediaterID, hepID, kpName) VALUES (147, 81, '微积分');
INSERT INTO exam_sys.hep_and_kp_mediater (mediaterID, hepID, kpName) VALUES (148, 82, '四则运算');
INSERT INTO exam_sys.hep_and_kp_mediater (mediaterID, hepID, kpName) VALUES (149, 82, '三角函数');
INSERT INTO exam_sys.hep_and_kp_mediater (mediaterID, hepID, kpName) VALUES (150, 82, '线性代数');
INSERT INTO exam_sys.hep_and_kp_mediater (mediaterID, hepID, kpName) VALUES (151, 82, '微积分');
INSERT INTO exam_sys.hep_and_kp_mediater (mediaterID, hepID, kpName) VALUES (152, 83, '四则运算');
INSERT INTO exam_sys.hep_and_kp_mediater (mediaterID, hepID, kpName) VALUES (153, 83, '三角函数');
INSERT INTO exam_sys.hep_and_kp_mediater (mediaterID, hepID, kpName) VALUES (154, 83, '线性代数');
INSERT INTO exam_sys.hep_and_kp_mediater (mediaterID, hepID, kpName) VALUES (155, 83, '微积分');
INSERT INTO exam_sys.hep_and_kp_mediater (mediaterID, hepID, kpName) VALUES (156, 84, '四则运算');
INSERT INTO exam_sys.hep_and_kp_mediater (mediaterID, hepID, kpName) VALUES (157, 85, '四则运算');
INSERT INTO exam_sys.hep_and_kp_mediater (mediaterID, hepID, kpName) VALUES (158, 86, '三角函数');
INSERT INTO exam_sys.hep_and_kp_mediater (mediaterID, hepID, kpName) VALUES (159, 87, '三角函数');
INSERT INTO exam_sys.hep_and_kp_mediater (mediaterID, hepID, kpName) VALUES (160, 88, '三角函数');
INSERT INTO exam_sys.hep_and_kp_mediater (mediaterID, hepID, kpName) VALUES (161, 89, '三角函数');
INSERT INTO exam_sys.hep_and_kp_mediater (mediaterID, hepID, kpName) VALUES (162, 90, '线性代数');
INSERT INTO exam_sys.hep_and_kp_mediater (mediaterID, hepID, kpName) VALUES (163, 91, '线性代数');
INSERT INTO exam_sys.hep_and_kp_mediater (mediaterID, hepID, kpName) VALUES (164, 91, '微积分');
INSERT INTO exam_sys.hep_and_kp_mediater (mediaterID, hepID, kpName) VALUES (165, 92, '线性代数');
INSERT INTO exam_sys.hep_and_kp_mediater (mediaterID, hepID, kpName) VALUES (166, 92, '微积分');
INSERT INTO exam_sys.hep_and_kp_mediater (mediaterID, hepID, kpName) VALUES (167, 93, '线性代数');
INSERT INTO exam_sys.hep_and_kp_mediater (mediaterID, hepID, kpName) VALUES (168, 93, '微积分');
INSERT INTO exam_sys.hep_and_kp_mediater (mediaterID, hepID, kpName) VALUES (169, 94, '微积分');
INSERT INTO exam_sys.hep_and_kp_mediater (mediaterID, hepID, kpName) VALUES (170, 95, '三角函数');
INSERT INTO exam_sys.hep_and_kp_mediater (mediaterID, hepID, kpName) VALUES (171, 95, '微积分');
INSERT INTO exam_sys.hep_and_kp_mediater (mediaterID, hepID, kpName) VALUES (172, 96, '四则运算');
INSERT INTO exam_sys.hep_and_kp_mediater (mediaterID, hepID, kpName) VALUES (173, 96, '三角函数');
INSERT INTO exam_sys.hep_and_kp_mediater (mediaterID, hepID, kpName) VALUES (174, 96, '微积分');
INSERT INTO exam_sys.hep_and_kp_mediater (mediaterID, hepID, kpName) VALUES (175, 97, '四则运算');
INSERT INTO exam_sys.hep_and_kp_mediater (mediaterID, hepID, kpName) VALUES (176, 97, '三角函数');
INSERT INTO exam_sys.hep_and_kp_mediater (mediaterID, hepID, kpName) VALUES (177, 97, '微积分');
INSERT INTO exam_sys.hep_and_kp_mediater (mediaterID, hepID, kpName) VALUES (178, 98, '四则运算');
INSERT INTO exam_sys.hep_and_kp_mediater (mediaterID, hepID, kpName) VALUES (179, 98, '微积分');
INSERT INTO exam_sys.hep_and_kp_mediater (mediaterID, hepID, kpName) VALUES (180, 99, '微积分');
INSERT INTO exam_sys.hep_and_kp_mediater (mediaterID, hepID, kpName) VALUES (181, 100, '三角函数');
INSERT INTO exam_sys.hep_and_kp_mediater (mediaterID, hepID, kpName) VALUES (182, 101, '三角函数');
INSERT INTO exam_sys.hep_and_kp_mediater (mediaterID, hepID, kpName) VALUES (183, 101, '线性代数');
INSERT INTO exam_sys.hep_and_kp_mediater (mediaterID, hepID, kpName) VALUES (184, 102, '四则运算');
INSERT INTO exam_sys.hep_and_kp_mediater (mediaterID, hepID, kpName) VALUES (185, 102, '线性代数');
INSERT INTO exam_sys.hep_and_kp_mediater (mediaterID, hepID, kpName) VALUES (186, 102, '微积分');
INSERT INTO exam_sys.hep_and_kp_mediater (mediaterID, hepID, kpName) VALUES (187, 103, '四则运算');
INSERT INTO exam_sys.hep_and_kp_mediater (mediaterID, hepID, kpName) VALUES (188, 103, '三角函数');
INSERT INTO exam_sys.hep_and_kp_mediater (mediaterID, hepID, kpName) VALUES (189, 103, '微积分');
INSERT INTO exam_sys.hep_and_kp_mediater (mediaterID, hepID, kpName) VALUES (190, 104, '四则运算');
INSERT INTO exam_sys.hep_and_kp_mediater (mediaterID, hepID, kpName) VALUES (191, 105, '三角函数');
INSERT INTO exam_sys.hep_and_kp_mediater (mediaterID, hepID, kpName) VALUES (192, 105, '线性代数');
INSERT INTO exam_sys.hep_and_kp_mediater (mediaterID, hepID, kpName) VALUES (193, 109, '四则运算');
INSERT INTO exam_sys.hep_and_kp_mediater (mediaterID, hepID, kpName) VALUES (194, 109, '线性代数');
INSERT INTO exam_sys.hep_and_kp_mediater (mediaterID, hepID, kpName) VALUES (195, 109, '微积分');
INSERT INTO exam_sys.hep_and_kp_mediater (mediaterID, hepID, kpName) VALUES (196, 110, '四则运算');
INSERT INTO exam_sys.hep_and_kp_mediater (mediaterID, hepID, kpName) VALUES (197, 110, '三角函数');
INSERT INTO exam_sys.hep_and_kp_mediater (mediaterID, hepID, kpName) VALUES (198, 110, '线性代数');
INSERT INTO exam_sys.hep_and_kp_mediater (mediaterID, hepID, kpName) VALUES (199, 110, '微积分');
INSERT INTO exam_sys.hep_and_kp_mediater (mediaterID, hepID, kpName) VALUES (200, 111, '四则运算');
INSERT INTO exam_sys.hep_and_kp_mediater (mediaterID, hepID, kpName) VALUES (201, 111, '三角函数');
INSERT INTO exam_sys.hep_and_kp_mediater (mediaterID, hepID, kpName) VALUES (202, 111, '线性代数');
INSERT INTO exam_sys.hep_and_kp_mediater (mediaterID, hepID, kpName) VALUES (203, 111, '微积分');
INSERT INTO exam_sys.hep_and_kp_mediater (mediaterID, hepID, kpName) VALUES (204, 112, '三角函数');
INSERT INTO exam_sys.hep_and_kp_mediater (mediaterID, hepID, kpName) VALUES (205, 112, '微积分');
INSERT INTO exam_sys.hep_and_kp_mediater (mediaterID, hepID, kpName) VALUES (206, 113, '三角函数');
INSERT INTO exam_sys.hep_and_kp_mediater (mediaterID, hepID, kpName) VALUES (207, 113, '微积分');
INSERT INTO exam_sys.hep_and_kp_mediater (mediaterID, hepID, kpName) VALUES (208, 114, '四则运算');
INSERT INTO exam_sys.hep_and_kp_mediater (mediaterID, hepID, kpName) VALUES (209, 114, '三角函数');
INSERT INTO exam_sys.hep_and_kp_mediater (mediaterID, hepID, kpName) VALUES (210, 114, '微积分');
INSERT INTO exam_sys.hep_and_kp_mediater (mediaterID, hepID, kpName) VALUES (211, 115, '四则运算');
INSERT INTO exam_sys.hep_and_kp_mediater (mediaterID, hepID, kpName) VALUES (212, 116, '三角函数');
INSERT INTO exam_sys.hep_and_kp_mediater (mediaterID, hepID, kpName) VALUES (213, 116, '微积分');
INSERT INTO exam_sys.hep_and_kp_mediater (mediaterID, hepID, kpName) VALUES (214, 117, '微积分');
INSERT INTO exam_sys.hep_and_kp_mediater (mediaterID, hepID, kpName) VALUES (215, 118, '线性代数');
INSERT INTO exam_sys.hep_and_kp_mediater (mediaterID, hepID, kpName) VALUES (216, 118, '微积分');
INSERT INTO exam_sys.hep_and_kp_mediater (mediaterID, hepID, kpName) VALUES (217, 119, '线性代数');
INSERT INTO exam_sys.hep_and_kp_mediater (mediaterID, hepID, kpName) VALUES (218, 119, '微积分');
INSERT INTO exam_sys.hep_and_kp_mediater (mediaterID, hepID, kpName) VALUES (219, 120, '线性代数');
INSERT INTO exam_sys.hep_and_kp_mediater (mediaterID, hepID, kpName) VALUES (220, 120, '微积分');
INSERT INTO exam_sys.hep_and_kp_mediater (mediaterID, hepID, kpName) VALUES (221, 121, '四则运算');
INSERT INTO exam_sys.hep_and_kp_mediater (mediaterID, hepID, kpName) VALUES (222, 121, '三角函数');
INSERT INTO exam_sys.hep_and_kp_mediater (mediaterID, hepID, kpName) VALUES (223, 121, '线性代数');
INSERT INTO exam_sys.hep_and_kp_mediater (mediaterID, hepID, kpName) VALUES (224, 121, '微积分');
INSERT INTO exam_sys.hep_and_kp_mediater (mediaterID, hepID, kpName) VALUES (225, 122, '四则运算');
INSERT INTO exam_sys.hep_and_kp_mediater (mediaterID, hepID, kpName) VALUES (226, 122, '三角函数');
INSERT INTO exam_sys.hep_and_kp_mediater (mediaterID, hepID, kpName) VALUES (227, 122, '线性代数');
INSERT INTO exam_sys.hep_and_kp_mediater (mediaterID, hepID, kpName) VALUES (228, 122, '微积分');
INSERT INTO exam_sys.hep_and_kp_mediater (mediaterID, hepID, kpName) VALUES (229, 123, '四则运算');
INSERT INTO exam_sys.hep_and_kp_mediater (mediaterID, hepID, kpName) VALUES (230, 123, '三角函数');
INSERT INTO exam_sys.hep_and_kp_mediater (mediaterID, hepID, kpName) VALUES (231, 123, '线性代数');
INSERT INTO exam_sys.hep_and_kp_mediater (mediaterID, hepID, kpName) VALUES (232, 123, '微积分');
INSERT INTO exam_sys.hep_and_kp_mediater (mediaterID, hepID, kpName) VALUES (233, 124, '四则运算');
INSERT INTO exam_sys.hep_and_kp_mediater (mediaterID, hepID, kpName) VALUES (234, 124, '三角函数');
INSERT INTO exam_sys.hep_and_kp_mediater (mediaterID, hepID, kpName) VALUES (235, 124, '线性代数');
INSERT INTO exam_sys.hep_and_kp_mediater (mediaterID, hepID, kpName) VALUES (236, 124, '微积分');
INSERT INTO exam_sys.hep_and_kp_mediater (mediaterID, hepID, kpName) VALUES (237, 125, '四则运算');
INSERT INTO exam_sys.hep_and_kp_mediater (mediaterID, hepID, kpName) VALUES (238, 125, '三角函数');
INSERT INTO exam_sys.hep_and_kp_mediater (mediaterID, hepID, kpName) VALUES (239, 125, '线性代数');
INSERT INTO exam_sys.hep_and_kp_mediater (mediaterID, hepID, kpName) VALUES (240, 125, '微积分');
INSERT INTO exam_sys.hep_and_kp_mediater (mediaterID, hepID, kpName) VALUES (241, 126, '四则运算');
INSERT INTO exam_sys.hep_and_kp_mediater (mediaterID, hepID, kpName) VALUES (242, 126, '三角函数');
INSERT INTO exam_sys.hep_and_kp_mediater (mediaterID, hepID, kpName) VALUES (243, 126, '线性代数');
INSERT INTO exam_sys.hep_and_kp_mediater (mediaterID, hepID, kpName) VALUES (244, 126, '微积分');
INSERT INTO exam_sys.hep_and_kp_mediater (mediaterID, hepID, kpName) VALUES (245, 127, '四则运算');
INSERT INTO exam_sys.hep_and_kp_mediater (mediaterID, hepID, kpName) VALUES (246, 127, '三角函数');
INSERT INTO exam_sys.hep_and_kp_mediater (mediaterID, hepID, kpName) VALUES (247, 127, '线性代数');
INSERT INTO exam_sys.hep_and_kp_mediater (mediaterID, hepID, kpName) VALUES (248, 127, '微积分');
INSERT INTO exam_sys.hep_and_kp_mediater (mediaterID, hepID, kpName) VALUES (249, 128, '四则运算');
INSERT INTO exam_sys.hep_and_kp_mediater (mediaterID, hepID, kpName) VALUES (250, 128, '三角函数');
INSERT INTO exam_sys.hep_and_kp_mediater (mediaterID, hepID, kpName) VALUES (251, 128, '线性代数');
INSERT INTO exam_sys.hep_and_kp_mediater (mediaterID, hepID, kpName) VALUES (252, 128, '微积分');
INSERT INTO exam_sys.hep_and_kp_mediater (mediaterID, hepID, kpName) VALUES (253, 129, '四则运算');
INSERT INTO exam_sys.hep_and_kp_mediater (mediaterID, hepID, kpName) VALUES (254, 129, '三角函数');
INSERT INTO exam_sys.hep_and_kp_mediater (mediaterID, hepID, kpName) VALUES (255, 129, '线性代数');
INSERT INTO exam_sys.hep_and_kp_mediater (mediaterID, hepID, kpName) VALUES (256, 129, '微积分');
INSERT INTO exam_sys.hep_and_kp_mediater (mediaterID, hepID, kpName) VALUES (257, 130, '四则运算');
INSERT INTO exam_sys.hep_and_kp_mediater (mediaterID, hepID, kpName) VALUES (258, 130, '三角函数');
INSERT INTO exam_sys.hep_and_kp_mediater (mediaterID, hepID, kpName) VALUES (259, 130, '线性代数');
INSERT INTO exam_sys.hep_and_kp_mediater (mediaterID, hepID, kpName) VALUES (260, 130, '微积分');
INSERT INTO exam_sys.hep_and_kp_mediater (mediaterID, hepID, kpName) VALUES (261, 131, '四则运算');
INSERT INTO exam_sys.hep_and_kp_mediater (mediaterID, hepID, kpName) VALUES (262, 132, '四则运算');
INSERT INTO exam_sys.hep_and_kp_mediater (mediaterID, hepID, kpName) VALUES (263, 133, '三角函数');
INSERT INTO exam_sys.hep_and_kp_mediater (mediaterID, hepID, kpName) VALUES (264, 134, '三角函数');
INSERT INTO exam_sys.hep_and_kp_mediater (mediaterID, hepID, kpName) VALUES (265, 135, '三角函数');
INSERT INTO exam_sys.hep_and_kp_mediater (mediaterID, hepID, kpName) VALUES (266, 136, '三角函数');
INSERT INTO exam_sys.hep_and_kp_mediater (mediaterID, hepID, kpName) VALUES (267, 137, '线性代数');
INSERT INTO exam_sys.hep_and_kp_mediater (mediaterID, hepID, kpName) VALUES (268, 138, '线性代数');
INSERT INTO exam_sys.hep_and_kp_mediater (mediaterID, hepID, kpName) VALUES (269, 138, '微积分');
INSERT INTO exam_sys.hep_and_kp_mediater (mediaterID, hepID, kpName) VALUES (270, 139, '线性代数');
INSERT INTO exam_sys.hep_and_kp_mediater (mediaterID, hepID, kpName) VALUES (271, 139, '微积分');
INSERT INTO exam_sys.hep_and_kp_mediater (mediaterID, hepID, kpName) VALUES (272, 140, '线性代数');
INSERT INTO exam_sys.hep_and_kp_mediater (mediaterID, hepID, kpName) VALUES (273, 140, '微积分');
INSERT INTO exam_sys.hep_and_kp_mediater (mediaterID, hepID, kpName) VALUES (274, 141, '微积分');
INSERT INTO exam_sys.hep_and_kp_mediater (mediaterID, hepID, kpName) VALUES (275, 142, '三角函数');
INSERT INTO exam_sys.hep_and_kp_mediater (mediaterID, hepID, kpName) VALUES (276, 142, '微积分');
INSERT INTO exam_sys.hep_and_kp_mediater (mediaterID, hepID, kpName) VALUES (277, 143, '四则运算');
INSERT INTO exam_sys.hep_and_kp_mediater (mediaterID, hepID, kpName) VALUES (278, 143, '三角函数');
INSERT INTO exam_sys.hep_and_kp_mediater (mediaterID, hepID, kpName) VALUES (279, 143, '微积分');
INSERT INTO exam_sys.hep_and_kp_mediater (mediaterID, hepID, kpName) VALUES (280, 144, '四则运算');
INSERT INTO exam_sys.hep_and_kp_mediater (mediaterID, hepID, kpName) VALUES (281, 144, '三角函数');
INSERT INTO exam_sys.hep_and_kp_mediater (mediaterID, hepID, kpName) VALUES (282, 144, '微积分');
INSERT INTO exam_sys.hep_and_kp_mediater (mediaterID, hepID, kpName) VALUES (283, 145, '四则运算');
INSERT INTO exam_sys.hep_and_kp_mediater (mediaterID, hepID, kpName) VALUES (284, 145, '微积分');
INSERT INTO exam_sys.hep_and_kp_mediater (mediaterID, hepID, kpName) VALUES (285, 146, '微积分');
INSERT INTO exam_sys.hep_and_kp_mediater (mediaterID, hepID, kpName) VALUES (286, 147, '三角函数');
INSERT INTO exam_sys.hep_and_kp_mediater (mediaterID, hepID, kpName) VALUES (287, 148, '三角函数');
INSERT INTO exam_sys.hep_and_kp_mediater (mediaterID, hepID, kpName) VALUES (288, 148, '线性代数');
INSERT INTO exam_sys.hep_and_kp_mediater (mediaterID, hepID, kpName) VALUES (289, 149, '四则运算');
INSERT INTO exam_sys.hep_and_kp_mediater (mediaterID, hepID, kpName) VALUES (290, 149, '线性代数');
INSERT INTO exam_sys.hep_and_kp_mediater (mediaterID, hepID, kpName) VALUES (291, 149, '微积分');
INSERT INTO exam_sys.hep_and_kp_mediater (mediaterID, hepID, kpName) VALUES (292, 150, '四则运算');
INSERT INTO exam_sys.hep_and_kp_mediater (mediaterID, hepID, kpName) VALUES (293, 150, '三角函数');
INSERT INTO exam_sys.hep_and_kp_mediater (mediaterID, hepID, kpName) VALUES (294, 150, '微积分');
INSERT INTO exam_sys.hep_and_kp_mediater (mediaterID, hepID, kpName) VALUES (295, 151, '四则运算');
INSERT INTO exam_sys.hep_and_kp_mediater (mediaterID, hepID, kpName) VALUES (296, 152, '三角函数');
INSERT INTO exam_sys.hep_and_kp_mediater (mediaterID, hepID, kpName) VALUES (297, 152, '线性代数');

INSERT INTO exam_sys.knowledge_points (kpID, kpName, subject) VALUES (15, '四则运算', '数学');
INSERT INTO exam_sys.knowledge_points (kpID, kpName, subject) VALUES (16, '三角函数', '数学');
INSERT INTO exam_sys.knowledge_points (kpID, kpName, subject) VALUES (17, '线性代数', '数学');
INSERT INTO exam_sys.knowledge_points (kpID, kpName, subject) VALUES (18, '微积分', '数学');
INSERT INTO exam_sys.knowledge_points (kpID, kpName, subject) VALUES (19, '其他', '数学');
